
INSERT INTO users VALUES
('11111111-1111-1111-1111-111111111111', 'John', 'Doe', 'admin', '2024-01-01 10:00:00'),
('22222222-2222-2222-2222-222222222222', 'Jane', 'Smith', 'user', '2024-01-02 11:00:00'),
('33333333-3333-3333-3333-333333333333', 'Robert', 'Johnson', 'data_analyst', '2024-01-03 12:00:00'),
('44444444-4444-4444-4444-444444444444', 'Sarah', 'Williams', 'organization_admin', '2024-01-04 13:00:00'),
('55555555-5555-5555-5555-555555555555', 'Michael', 'Brown', 'user', '2024-01-05 14:00:00');

INSERT INTO user_profiles VALUES
('11111111-1111-1111-1111-111111111111', '1980-06-15', 'Male', 75000, 'Masters', 'Employed', FALSE, FALSE, NULL, 'verified', '2024-01-10 10:30:00', '2024-01-10 10:30:00'),
('22222222-2222-2222-2222-222222222222', '1992-03-20', 'Female', 45000, 'Bachelors', 'Employed', FALSE, FALSE, NULL, 'verified', '2024-01-12 11:15:00', '2024-01-12 11:15:00'),
('33333333-3333-3333-3333-333333333333', '1985-11-08', 'Male', 85000, 'PhD', 'Employed', TRUE, FALSE, NULL, 'verified', '2024-01-14 09:45:00', '2024-01-14 09:45:00'),
('44444444-4444-4444-4444-444444444444', '1990-09-25', 'Female', 65000, 'Masters', 'Employed', FALSE, FALSE, NULL, 'verified', '2024-01-15 13:20:00', '2024-01-15 13:20:00'),
('55555555-5555-5555-5555-555555555555', '1995-04-12', 'Male', 35000, 'High School', 'Part-time', FALSE, TRUE, NULL, 'pending', NULL, '2024-01-16 15:10:00');

INSERT INTO organizations VALUES
('AAAAAAAA-AAAA-AAAA-AAAA-AAAAAAAAAAAA', 'Community Support Foundation', 'Non-profit focused on community welfare programs', 'https://csf.org', TRUE, '2024-01-05 10:30:00', '2024-01-01 09:00:00', '2024-01-01 09:00:00'),
('BBBBBBBB-BBBB-BBBB-BBBB-BBBBBBBBBBBB', 'Education Advancement Initiative', 'Promoting educational opportunities for underserved communities', 'https://eai.org', TRUE, '2024-01-06 14:20:00', '2024-01-02 10:00:00', '2024-01-02 10:00:00'),
('CCCCCCCC-CCCC-CCCC-CCCC-CCCCCCCCCCCC', 'Housing Assistance Network', 'Providing housing support and homelessness prevention', 'https://han.org', TRUE, '2024-01-07 11:45:00', '2024-01-03 11:00:00', '2024-01-03 11:00:00'),
('DDDDDDDD-DDDD-DDDD-DDDD-DDDDDDDDDDDD', 'Veterans Support Services', 'Assisting veterans with reintegration and support', 'https://vss.org', FALSE, NULL, '2024-01-04 12:00:00', '2024-01-04 12:00:00'),
('EEEEEEEE-EEEE-EEEE-EEEE-EEEEEEEEEEEE', 'Healthcare Access Program', 'Expanding healthcare access to underserved populations', 'https://hap.org', FALSE, NULL, '2024-01-05 13:00:00', '2024-01-05 13:00:00');

INSERT INTO categories VALUES
('FFFFFFFF-FFFF-FFFF-FFFF-FFFFFFFFFFFF', 'Financial Assistance'),
('GGGGGGGG-GGGG-GGGG-GGGG-GGGGGGGGGGGG', 'Education'),
('HHHHHHHH-HHHH-HHHH-HHHH-HHHHHHHHHHHH', 'Housing'),
('IIIIIIII-IIII-IIII-IIII-IIIIIIIIIIII', 'Healthcare'),
('JJJJJJJJ-JJJJ-JJJJ-JJJJ-JJJJJJJJJJJJ', 'Employment'),
('KKKKKKKK-KKKK-KKKK-KKKK-KKKKKKKKKKKK', 'Veterans');

INSERT INTO programs VALUES
('LLLLLLLL-LLLL-LLLL-LLLL-LLLLLLLLLLLL', 'Emergency Rental Assistance', 'Financial support for rent payments during emergencies', 'open', '2024-01-15', '2024-07-15 23:59:59', '2024-12-31', 'AAAAAAAA-AAAA-AAAA-AAAA-AAAAAAAAAAAA', 'HHHHHHHH-HHHH-HHHH-HHHH-HHHHHHHHHHHH', '2024-01-10 09:00:00', '2024-01-10 09:00:00'),
('MMMMMMMM-MMMM-MMMM-MMMM-MMMMMMMMMMMM', 'Scholarship Program', 'Educational scholarships for low-income students', 'open', '2024-02-01', '2024-05-30 23:59:59', '2025-06-30', 'BBBBBBBB-BBBB-BBBB-BBBB-BBBBBBBBBBBB', 'GGGGGGGG-GGGG-GGGG-GGGG-GGGGGGGGGGGG', '2024-01-11 10:00:00', '2024-01-11 10:00:00'),
('NNNNNNNN-NNNN-NNNN-NNNN-NNNNNNNNNNNN', 'Veteran Job Training', 'Employment training for veterans', 'open', '2024-03-01', '2024-08-31 23:59:59', '2024-12-15', 'DDDDDDDD-DDDD-DDDD-DDDD-DDDDDDDDDDDD', 'KKKKKKKK-KKKK-KKKK-KKKK-KKKKKKKKKKKK', '2024-01-12 11:00:00', '2024-01-12 11:00:00'),
('OOOOOOOO-OOOO-OOOO-OOOO-OOOOOOOOOOOO', 'Healthcare Subsidy', 'Subsidies for medical care for low-income individuals', 'open', '2024-01-20', '2024-12-31 23:59:59', '2025-12-31', 'EEEEEEEE-EEEE-EEEE-EEEE-EEEEEEEEEEEE', 'IIIIIIII-IIII-IIII-IIII-IIIIIIIIIIII', '2024-01-13 12:00:00', '2024-01-13 12:00:00'),
('PPPPPPPP-PPPP-PPPP-PPPP-PPPPPPPPPPPP', 'Job Placement Assistance', 'Employment placement services', 'close', '2023-07-01', '2023-12-31 23:59:59', '2024-01-31', 'AAAAAAAA-AAAA-AAAA-AAAA-AAAAAAAAAAAA', 'JJJJJJJJ-JJJJ-JJJJ-JJJJ-JJJJJJJJJJJJ', '2023-06-15 13:00:00', '2024-02-01 09:00:00');

INSERT INTO qualifications (program_id, name, description, qualification_type, min_value, max_value, text_value, boolean_value) VALUES
('LLLLLLLL-LLLL-LLLL-LLLL-LLLLLLLLLLLL', 'Income Limit', 'Maximum household income to qualify', 'income', 0, 50000, NULL, NULL),
('LLLLLLLL-LLLL-LLLL-LLLL-LLLLLLLLLLLL', 'Residency', 'Must be a resident of eligible counties', 'location', NULL, NULL, 'County residency required', NULL),
('MMMMMMMM-MMMM-MMMM-MMMM-MMMMMMMMMMMM', 'Age Requirement', 'Age range for scholarship eligibility', 'age', 16, 25, NULL, NULL),
('MMMMMMMM-MMMM-MMMM-MMMM-MMMMMMMMMMMM', 'GPA Minimum', 'Minimum GPA requirement', 'education', 3.0, NULL, NULL, NULL),
('NNNNNNNN-NNNN-NNNN-NNNN-NNNNNNNNNNNN', 'Veteran Status', 'Must be a veteran', 'veteran_status', NULL, NULL, NULL, TRUE),
('OOOOOOOO-OOOO-OOOO-OOOO-OOOOOOOOOOOO', 'Income Threshold', 'Income must be below federal poverty level', 'income', 0, 30000, NULL, NULL),
('PPPPPPPP-PPPP-PPPP-PPPP-PPPPPPPPPPPP', 'Unemployment', 'Must be currently unemployed', 'other', NULL, NULL, NULL, TRUE);

INSERT INTO applications VALUES
('QQQQQQQQ-QQQQ-QQQQ-QQQQ-QQQQQQQQQQQQ', '22222222-2222-2222-2222-222222222222', 'LLLLLLLL-LLLL-LLLL-LLLL-LLLLLLLLLLLL', 'submitted', 'pending', '2024-01-20 14:30:00', NULL, NULL, '2024-01-20 14:30:00'),
('RRRRRRRR-RRRR-RRRR-RRRR-RRRRRRRRRRRR', '55555555-5555-5555-5555-555555555555', 'MMMMMMMM-MMMM-MMMM-MMMM-MMMMMMMMMMMM', 'under_review', 'verified', '2024-02-05 10:15:00', NULL, NULL, '2024-02-07 13:20:00'),
('SSSSSSSS-SSSS-SSSS-SSSS-SSSSSSSSSSSS', '33333333-3333-3333-3333-333333333333', 'NNNNNNNN-NNNN-NNNN-NNNN-NNNNNNNNNNNN', 'approved', 'verified', '2024-03-10 09:45:00', '2024-03-15 11:30:00', 'Approved based on service record and qualifications', '2024-03-15 11:30:00'),
('TTTTTTTT-TTTT-TTTT-TTTT-TTTTTTTTTTTT', '22222222-2222-2222-2222-222222222222', 'OOOOOOOO-OOOO-OOOO-OOOO-OOOOOOOOOOOO', 'rejected', 'rejected', '2024-02-12 15:20:00', '2024-02-18 10:00:00', 'Income exceeds program threshold', '2024-02-18 10:00:00'),
('UUUUUUUU-UUUU-UUUU-UUUU-UUUUUUUUUUUU', '55555555-5555-5555-5555-555555555555', 'PPPPPPPP-PPPP-PPPP-PPPP-PPPPPPPPPPPP', 'draft', 'pending', '2024-01-18 16:40:00', NULL, NULL, '2024-01-18 16:40:00');

INSERT INTO point_of_contacts VALUES
('VVVVVVVV-VVVV-VVVV-VVVV-VVVVVVVVVVVV', 'organization', 'AAAAAAAA-AAAA-AAAA-AAAA-AAAAAAAAAAAA', 'Program Director', 'director@csf.org', '555-123-4567', '2024-01-05 10:00:00', '2024-01-05 10:00:00'),
('WWWWWWWW-WWWW-WWWW-WWWW-WWWWWWWWWWWW', 'organization', 'BBBBBBBB-BBBB-BBBB-BBBB-BBBBBBBBBBBB', 'Scholarship Coordinator', 'scholarships@eai.org', '555-234-5678', '2024-01-06 11:00:00', '2024-01-06 11:00:00'),
('XXXXXXXX-XXXX-XXXX-XXXX-XXXXXXXXXXXX', 'organization', 'CCCCCCCC-CCCC-CCCC-CCCC-CCCCCCCCCCCC', 'Housing Director', 'housing@han.org', '555-345-6789', '2024-01-07 12:00:00', '2024-01-07 12:00:00'),
('YYYYYYYY-YYYY-YYYY-YYYY-YYYYYYYYYYYY', 'user', '22222222-2222-2222-2222-222222222222', 'Applicant', 'jane.smith@email.com', '555-456-7890', '2024-01-10 14:00:00', '2024-01-10 14:00:00'),
('ZZZZZZZZ-ZZZZ-ZZZZ-ZZZZ-ZZZZZZZZZZZZ', 'user', '33333333-3333-3333-3333-333333333333', 'Veteran Support Contact', 'robert.johnson@email.com', '555-567-8901', '2024-01-11 15:00:00', '2024-01-11 15:00:00');

INSERT INTO feedback_forms VALUES
('111111AA-AAAA-AAAA-AAAA-111111AAAAAA', 'AAAAAAAA-AAAA-AAAA-AAAA-AAAAAAAAAAAA', 'Program Satisfaction Survey', 'Please rate your satisfaction with our services', TRUE, '2024-12-31', '2024-01-15 10:00:00', '2024-01-15 10:00:00'),
('222222BB-BBBB-BBBB-BBBB-222222BBBBBB', 'BBBBBBBB-BBBB-BBBB-BBBB-BBBBBBBBBBBB', 'Scholarship Experience Feedback', 'Help us improve our scholarship programs', TRUE, '2024-08-31', '2024-01-16 11:00:00', '2024-01-16 11:00:00');

INSERT INTO feedback_questions VALUES
('333333CC-CCCC-CCCC-CCCC-333333CCCCCC', '111111AA-AAAA-AAAA-AAAA-111111AAAAAA', 'How would you rate the application process?', 'rating', NULL, 1, 5, TRUE),
('444444DD-DDDD-DDDD-DDDD-444444DDDDDD', '111111AA-AAAA-AAAA-AAAA-111111AAAAAA', 'What improvements would you suggest?', 'text', NULL, 2, NULL, FALSE),
('555555EE-EEEE-EEEE-EEEE-555555EEEEEE', '222222BB-BBBB-BBBB-BBBB-222222BBBBBB', 'How helpful was the scholarship to your education?', 'rating', NULL, 1, 5, TRUE),
('666666FF-FFFF-FFFF-FFFF-666666FFFFFF', '222222BB-BBBB-BBBB-BBBB-222222BBBBBB', 'Would you recommend our scholarship program to others?', 'boolean', 'Yes,No', 2, NULL, TRUE);

INSERT INTO locations VALUES
('777777GG-GGGG-GGGG-GGGG-777777GGGGGG', 'organization', 'AAAAAAAA-AAAA-AAAA-AAAA-AAAAAAAAAAAA', 'physical', '123 Main Street', 'Suite 100', 'Chicago', 'Illinois', '60601', 'United States', TRUE, '2024-01-05 10:30:00', '2024-01-05 10:30:00'),
('888888HH-HHHH-HHHH-HHHH-888888HHHHHH', 'organization', 'BBBBBBBB-BBBB-BBBB-BBBB-BBBBBBBBBBBB', 'physical', '456 Oak Avenue', 'Building B', 'Atlanta', 'Georgia', '30301', 'United States', TRUE, '2024-01-06 11:30:00', '2024-01-06 11:30:00'),
('999999II-IIII-IIII-IIII-999999IIIIII', 'program', 'LLLLLLLL-LLLL-LLLL-LLLL-LLLLLLLLLLLL', 'physical', '123 Main Street', 'Suite 101', 'Chicago', 'Illinois', '60601', 'United States', TRUE, '2024-01-10 09:30:00', '2024-01-10 09:30:00'),
('AAAAAA11-1111-1111-1111-AAAAAA111111', 'program', 'MMMMMMMM-MMMM-MMMM-MMMM-MMMMMMMMMMMM', 'virtual', NULL, NULL, 'Online', 'N/A', '00000', 'United States', TRUE, '2024-01-11 10:30:00', '2024-01-11 10:30:00'),
('BBBBBB22-2222-2222-2222-BBBBBB222222', 'user', '22222222-2222-2222-2222-222222222222', 'physical', '789 Elm Street', 'Apt 304', 'Denver', 'Colorado', '80201', 'United States', TRUE, '2024-01-10 14:30:00', '2024-01-10 14:30:00');

INSERT INTO user_programs VALUES
('22222222-2222-2222-2222-222222222222', 'LLLLLLLL-LLLL-LLLL-LLLL-LLLLLLLLLLLL'),
('33333333-3333-3333-3333-333333333333', 'NNNNNNNN-NNNN-NNNN-NNNN-NNNNNNNNNNNN'),
('55555555-5555-5555-5555-555555555555', 'MMMMMMMM-MMMM-MMMM-MMMM-MMMMMMMMMMMM');

INSERT INTO organization_categories VALUES
('AAAAAAAA-AAAA-AAAA-AAAA-AAAAAAAAAAAA', 'FFFFFFFF-FFFF-FFFF-FFFF-FFFFFFFFFFFF'),
('AAAAAAAA-AAAA-AAAA-AAAA-AAAAAAAAAAAA', 'HHHHHHHH-HHHH-HHHH-HHHH-HHHHHHHHHHHH'),
('AAAAAAAA-AAAA-AAAA-AAAA-AAAAAAAAAAAA', 'JJJJJJJJ-JJJJ-JJJJ-JJJJ-JJJJJJJJJJJJ'),
('BBBBBBBB-BBBB-BBBB-BBBB-BBBBBBBBBBBB', 'GGGGGGGG-GGGG-GGGG-GGGG-GGGGGGGGGGGG'),
('CCCCCCCC-CCCC-CCCC-CCCC-CCCCCCCCCCCC', 'HHHHHHHH-HHHH-HHHH-HHHH-HHHHHHHHHHHH');

INSERT INTO program_categories VALUES
('LLLLLLLL-LLLL-LLLL-LLLL-LLLLLLLLLLLL', 'HHHHHHHH-HHHH-HHHH-HHHH-HHHHHHHHHHHH'),
('LLLLLLLL-LLLL-LLLL-LLLL-LLLLLLLLLLLL', 'FFFFFFFF-FFFF-FFFF-FFFF-FFFFFFFFFFFF'),
('MMMMMMMM-MMMM-MMMM-MMMM-MMMMMMMMMMMM', 'GGGGGGGG-GGGG-GGGG-GGGG-GGGGGGGGGGGG'),
('NNNNNNNN-NNNN-NNNN-NNNN-NNNNNNNNNNNN', 'KKKKKKKK-KKKK-KKKK-KKKK-KKKKKKKKKKKK'),
('NNNNNNNN-NNNN-NNNN-NNNN-NNNNNNNNNNNN', 'JJJJJJJJ-JJJJ-JJJJ-JJJJ-JJJJJJJJJJJJ'),
('OOOOOOOO-OOOO-OOOO-OOOO-OOOOOOOOOOOO', 'IIIIIIII-IIII-IIII-IIII-IIIIIIIIIIII');

INSERT INTO program_locations VALUES
('LLLLLLLL-LLLL-LLLL-LLLL-LLLLLLLLLLLL', '999999II-IIII-IIII-IIII-999999IIIIII'),
('MMMMMMMM-MMMM-MMMM-MMMM-MMMMMMMMMMMM', 'AAAAAA11-1111-1111-1111-AAAAAA111111');

INSERT INTO organization_locations VALUES
('AAAAAAAA-AAAA-AAAA-AAAA-AAAAAAAAAAAA', '777777GG-GGGG-GGGG-GGGG-777777GGGGGG'),
('BBBBBBBB-BBBB-BBBB-BBBB-BBBBBBBBBBBB', '888888HH-HHHH-HHHH-HHHH-888888HHHHHH');

INSERT INTO user_feedback_forms VALUES
('CCCCCC33-3333-3333-3333-CCCCCC333333', '22222222-2222-2222-2222-222222222222', '111111AA-AAAA-AAAA-AAAA-111111AAAAAA', 'submitted', '2024-03-15 14:30:00', '2024-03-15 13:45:00', '2024-03-15 14:30:00'),
('DDDDDD44-4444-4444-4444-DDDDDD444444', '33333333-3333-3333-3333-333333333333', '222222BB-BBBB-BBBB-BBBB-222222BBBBBB', 'in_progress', NULL, '2024-03-16 10:20:00', '2024-03-16 10:20:00');

INSERT INTO user_feedback_answers VALUES
('EEEEEE55-5555-5555-5555-EEEEEE555555', 'CCCCCC33-3333-3333-3333-CCCCCC333333', '333333CC-CCCC-CCCC-CCCC-333333CCCCCC', NULL, 4, '2024-03-15 14:00:00', '2024-03-15 14:00:00'),
('FFFFFF66-6666-6666-6666-FFFFFF666666', 'CCCCCC33-3333-3333-3333-CCCCCC333333', '444444DD-DDDD-DDDD-DDDD-444444DDDDDD', 'The application process was good but could use a more streamlined document upload system.', NULL, '2024-03-15 14:15:00', '2024-03-15 14:15:00'),
('GGGGGG77-7777-7777-7777-GGGGGG777777', 'DDDDDD44-4444-4444-4444-DDDDDD444444', '555555EE-EEEE-EEEE-EEEE-555555EEEEEE', NULL, 5, '2024-03-16 10:25:00', '2024-03-16 10:25:00');